,address,description,postal_code,lat,lon
0,"50 JURONG GATEWAY ROAD, JEM, #04-30","Bin collection; E-waste accepted: ICT equipment, Batteries and Lamps only",608549,1.33320021038331,103.743170436292
1,4 TAMPINES CENTRAL 5,"Bin collection; E-waste accepted: ICT equipment, Batteries and Lamps only",529510,1.35267231590699,103.944387987324
2,230 VICTORIA STREET,"Bin collection; E-waste accepted: ICT equipment, Batteries and Lamps only",188024,1.29981638982486,103.855923563242
3,"50 JURONG GATEWAY RD, JEM, #B1-21/22 & #B3-01","Bin collection; E-waste accepted: ICT equipment, Batteries and Lamps only",608549,1.33320021038331,103.743170436292
4,2 JURONG EAST STREET 21,"Bin collection; E-waste accepted: ICT equipment, Batteries and Lamps only",609601,1.33489843717476,103.7467344968
5,2 JURONG EAST CENTRAL 1,"Bin collection; E-waste accepted: ICT equipment, Batteries and Lamps only",609731,1.33333039944934,103.740167234363
6,602 JURONG WEST ST 65,"Bin collection; E-waste accepted: ICT equipment, Batteries and Lamps only",640602,1.33925339612415,103.700219203285
7,"21 CHOA CHU KANG AVE 4, WALKWAY BESIDE MCDONALD'S","Bin collection; E-waste accepted: ICT equipment, Batteries and Lamps only",689812,1.38506835667563,103.744950384161
8,101 CANTONMENT ROAD,"Bin collection; E-waste accepted: ICT equipment, Batteries and Lamps only",89774,1.27616698002633,103.841584210034
9,1 HARBOURFRONT PLACE,"Bin collection; E-waste accepted: ICT equipment, Batteries and Lamps only",98633,1.26499758815146,103.81902706845
10,1 MARITIME SQUARE,"Bin collection; E-waste accepted: ICT equipment, Batteries and Lamps only",99253,1.26206336420704,103.818732565555
11,298 TIONG BAHRU ROAD,"Bin collection; E-waste accepted: ICT equipment, Batteries and Lamps only",168730,1.28630852981463,103.828004847991
12,93 TOA PAYOH CENTRAL,"Bin collection; E-waste accepted: ICT equipment, Batteries and Lamps only",319194,1.33493451709456,103.850204545922
13,1999 LORONG 8 TOA PAYOH,"Bin collection; E-waste accepted: ICT equipment, Batteries and Lamps only",319258,1.33489037046643,103.859378979813
14,160 LORONG 6 TOA PAYOH,"Bin collection; E-waste accepted: ICT equipment, Batteries and Lamps only",319380,1.33627489206396,103.85470024903
15,51 HOUGANG AVENUE 9,"Bin collection; E-waste accepted: ICT equipment, Batteries and Lamps only",538776,1.37514897825787,103.882894179307
16,35 HOUGANG AVENUE 3,"Bin collection; E-waste accepted: ICT equipment, Batteries and Lamps only",538840,1.36475743233025,103.892622240184
17,"ANG MO KIO AVENUE 3, ANG MOH KIO HUB, #B1-58","Bin collection; E-waste accepted: ICT equipment, Batteries and Lamps only",569933,1.3692489128202,103.848399227484
18,SIN MING AVE,"Bin collection; E-waste accepted: ICT equipment, Batteries and Lamps only",575738,1.36213756796576,103.8412861742
19,1 WOODLANDS SQUARE,"Bin collection; E-waste accepted: ICT equipment, Batteries and Lamps only",738099,1.43600784517148,103.785688739235
20,"80 MARINE PARADE ROAD, PARKWAY PARADE, #3-29","Bin collection; E-waste accepted: ICT equipment, Batteries and Lamps only",449269,1.30119130748691,103.905113592255
21,192 TOA PAYOH LORONG 4,"Bin collection; E-waste accepted: ICT equipment, Batteries and Lamps only",310192,1.33166814039843,103.850487239152
22,710A ANG MO KIO AVE 8,"Bin collection; E-waste accepted: ICT equipment, Batteries and Lamps only",561710,1.37060311973576,103.847944283348
23,"2 JURONG EAST STREET 21, IMM, #2-23","Bin collection; E-waste accepted: ICT equipment, Batteries and Lamps only",609601,1.33489843717476,103.7467344968
24,"1 HARBOURFRONT WALK, VIVOCITY, #2-34","Bin collection; E-waste accepted: ICT equipment, Batteries and Lamps only",98585,1.2638958023183,103.821589254908
25,"3 SIMEI STREET 6, EASTPOINT MALL, #04-07","Bin collection; E-waste accepted: ICT equipment, Batteries and Lamps only",528833,1.34270618643901,103.953024503826
26,"21 TAMPINES NORTH DRIVE 2, GIANT HYPERMART TAMPINES, #03-01",Bin collection; E-waste accepted: Batteries and Lamps only,528765,1.37210169627783,103.931999887749
27,"799 NEW UPPER CHANGI ROAD, BEDOK POINT, #B1-01/02, #B-16/2 AND #B1-K1/K14","Bin collection; E-waste accepted: ICT equipment, Batteries and Lamps only",467351,1.32496142341112,103.932360135904
28,"1 JELEBU ROAD, BUKIT PANJANG PLAZA, #03-06","Bin collection; E-waste accepted: ICT equipment, Batteries and Lamps only",677743,1.38051732815914,103.763961852618
29,"5 ANG MO KIO CENTRAL 3, DJITSUN MALL, #2-1","Bin collection; E-waste accepted: ICT equipment, Batteries and Lamps only",569663,1.37285425440227,103.847607917674
30,"9 RAFFLES BOULEVARD, MILLENIA WALK, #02-27","Bin collection; E-waste accepted: ICT equipment, Batteries and Lamps only",39596,1.29296503959681,103.85934397868
31,"21 CHOA CHU KANG NORTH 6, YEW TEE POINT, #B1-01",Bin collection; E-waste accepted: Batteries and Lamps only,689578,1.39730190406931,103.746558072887
32,"BLK 135 JURONG GATEWAY RD, #01-337",Bin collection; E-waste accepted: Batteries and Lamps only,600135,1.33375343199036,103.739371389964
33,"2 BUKIT BATOK WEST AVE 7, HOMETEAM NS BUKIT BATOK CLUBHOUSE, #01-10",Bin collection; E-waste accepted: Batteries and Lamps only,659003,1.36650698454332,103.746847120427
34,"1 BUKIT BATOK CENTRAL LINK, WEST MALL, #03-06 TO 09","Bin collection; E-waste accepted: ICT equipment, Batteries and Lamps only",658713,1.35018915982967,103.749021980031
35,"3 GATEWAY DRIVE, WESTGATE, #B1-32","Bin collection; E-waste accepted: ICT equipment, Batteries and Lamps only",608532,1.33402528745454,103.742586017746
36,"5 STADIUM WALK, KALLANG LEISURE PARK, #01-46-50","Bin collection; E-waste accepted: ICT equipment, Batteries and Lamps only",397693,1.30222177114752,103.876152670397
37,4000 JALAN BUKIT MERAH,"Bin collection; E-waste accepted: ICT equipment, Batteries and Lamps only",159465,1.28525426592061,103.815828543116
38,8 PENDING ROAD,"Bin collection; E-waste accepted: ICT equipment, Batteries and Lamps only",678295,1.37645074924612,103.77055880601
39,220 CLEMENTI AVENUE 4,"Bin collection; E-waste accepted: ICT equipment, Batteries and Lamps only",129880,1.31881518814763,103.768153686645
40,170 GHIM MOH ROAD,"Bin collection; E-waste accepted: ICT equipment, Batteries and Lamps only",279621,1.31200940949362,103.789211186001
41,2 CLEMENTI WEST STREET 2,"Bin collection; E-waste accepted: ICT equipment, Batteries and Lamps only",129605,1.30264555979077,103.764832077473
42,90 BOON LAY WAY,"Bin collection; E-waste accepted: ICT equipment, Batteries and Lamps only",609958,1.33997285278881,103.737065915264
43,"10 PASIR PANJANG ROAD, CLUNY COURT","Bin collection; E-waste accepted: ICT equipment, Batteries and Lamps only",117438,1.27494101471276,103.798931949053
44,1 ENGKU AMAN TURN,"Bin collection; E-waste accepted: ICT equipment, Batteries and Lamps only",408528,1.3164501683615,103.89659695323
45,"2 SIMEI STREET 3, ADMIRALTY PLACE","Bin collection; E-waste accepted: ICT equipment, Batteries and Lamps only",529889,1.34068473973667,103.949294393687
46,"385 BEACH ROAD, KAMPONG GLAM CC","Bin collection; E-waste accepted: ICT equipment, Batteries and Lamps only",199581,1.30279521839327,103.863597858268
47,"4 QUEENâ€™S ROAD, FARRER GARDENS RC","Bin collection; E-waste accepted: ICT equipment, Batteries and Lamps only",260004,1.31883225067726,103.808061968709
48,"116 HOUGANG AVENUE 1, PAYA LEBAR ZONE 5 RC, #01-1206","Bin collection; E-waste accepted: ICT equipment, Batteries and Lamps only",530116,1.35313871558187,103.887727364285
49,"653A JURONG WEST ST 61, PIONEER ZONE 12 RN, #01-422","Bin collection; E-waste accepted: ICT equipment, Batteries and Lamps only",641653,1.33689136709064,103.696638818729
50,"20 CHOA CHU KANG STREET 52, YEW TEE CC","Bin collection; E-waste accepted: ICT equipment, Batteries and Lamps only",689286,1.39491758447052,103.744727853367
51,"353 WOODLANDS AVENUE 1, WOODGROVE CC","Bin collection; E-waste accepted: ICT equipment, Batteries and Lamps only",730353,1.43177102177052,103.785006866148
52,"BLK 4 WOODLANDS STREET 12, #02-61",Bin collection; E-waste accepted: Batteries and Lamps only,738623,1.43351252898231,103.779746868505
53,"57 DAWSON RD, DAWSON PLACE","Bin collection; E-waste accepted: ICT equipment, Batteries and Lamps only",142057,1.2927033928985,103.81095896399
54,"54 CHIN SWEE ROAD HDB-CENTRAL AREA, 54 CHIN SWEE RD","Bin collection; E-waste accepted: ICT equipment, Batteries and Lamps only",160054,1.28738855750969,103.841152117124
55,"809 FRENCH ROAD, KITCHENER COMPLEX","Bin collection; E-waste accepted: ICT equipment, Batteries and Lamps only",200808,1.30880609288659,103.861311962893
56,"238 THOMSON ROAD, NOVENA SQUARE","Bin collection; E-waste accepted: ICT equipment, Batteries and Lamps only",307683,1.32021099973819,103.843656770909
57,"6 LORONG TOA PAYOH, HDB HUB","Bin collection; E-waste accepted: ICT equipment, Batteries and Lamps only",310480,1.33214111914629,103.848326054144
58,"70 GEYLANG BAHRU, 70 GEYLANG BAHRU","Bin collection; E-waste accepted: ICT equipment, Batteries and Lamps only",330070,1.32188556778471,103.870318570635
59,"121 POTONG PASIR AVENUE, HDB-POTONG PASIR","Bin collection; E-waste accepted: ICT equipment, Batteries and Lamps only",350121,1.33576029121741,103.865597002044
60,"60 PAYA LEBAR RD, PAYA LEBAR SQUARE","Bin collection; E-waste accepted: ICT equipment, Batteries and Lamps only",409051,1.3186757503745,103.892550607124
61,"259 PASIR RIS STREET 21, LOYANG POINT","Bin collection; E-waste accepted: ICT equipment, Batteries and Lamps only",510258,1.36700053783377,103.964617781926
62,"623 ELIAS ROAD, ELIAS MALL","Bin collection; E-waste accepted: ICT equipment, Batteries and Lamps only",510623,1.37790945286479,103.942281486106
63,"735 PASIR RIS STREET 72, PASIR RIS WEST PLAZA","Bin collection; E-waste accepted: ICT equipment, Batteries and Lamps only",510735,1.37930651729418,103.936272108833
64,"118 RIVERVALE DRIVE, RIVERVALE PLAZA","Bin collection; E-waste accepted: ICT equipment, Batteries and Lamps only",540118,1.38493202032929,103.901558027564
65,"1 JALAN ANAK BUKIT BUKIT TIMAH PLAZA, BUKIT TIMAH PLAZA","Bin collection; E-waste accepted: ICT equipment, Batteries and Lamps only",588996,1.33865676913061,103.778560470199
66,"399 YUNG SHENG ROAD, TAMAN JURONG SHOPPING CENTRE","Bin collection; E-waste accepted: ICT equipment, Batteries and Lamps only",610399,1.335042021408,103.720268024233
67,"638 JURONG WEST STREET 61, PIONEER MALL","Bin collection; E-waste accepted: ICT equipment, Batteries and Lamps only",640638,1.34159107979646,103.69702008582
68,"762 JURONG WEST STREET 75, GEK POH SHOPPING CENTRE","Bin collection; E-waste accepted: ICT equipment, Batteries and Lamps only",640762,1.34874357157007,103.697732094253
69,"445 FARJAR ROAD, FAJAR SHOPPING CENTRE","Bin collection; E-waste accepted: ICT equipment, Batteries and Lamps only",670445,1.38358044141429,103.770768312339
70,"524A JELAPANG ROAD, GREENRIDGE SHOPPING CENTRE","Bin collection; E-waste accepted: ICT equipment, Batteries and Lamps only",671524,1.38529556520099,103.766170532015
71,"624 CHOA CHU KANG STREET 62, YEW TEE SQUARE","Bin collection; E-waste accepted: ICT equipment, Batteries and Lamps only",680622,1.3982771941105,103.747182456762
72,"768 WOODLANDS AVENUE 6, WOODLANDS MART","Bin collection; E-waste accepted: ICT equipment, Batteries and Lamps only",730768,1.44575077511561,103.798119771491
73,"888 WOODLANDS DRIVE 50, 888 PLAZA","Bin collection; E-waste accepted: ICT equipment, Batteries and Lamps only",730888,1.43767919710846,103.795136736247
74,"511 CANBERRA ROAD, SEMBAWANG MART","Bin collection; E-waste accepted: ICT equipment, Batteries and Lamps only",750511,1.45384518348657,103.819543348907
75,"10 PAYA LEBAR ROAD, PAYA LEBAR QUARTER (PLQ)","Bin collection; E-waste accepted: ICT equipment, Batteries and Lamps only",409057,1.31752384126856,103.892724434212
76,"110 RIVERVALE WALK, RIVERVALE COURT RC","Bin collection; E-waste accepted: ICT equipment, Batteries and Lamps only",540110,1.38349233371644,103.900312365788
77,"135 RIVERVALE STREET, RIVERVALE SPRING RC, #01-730","Bin collection; E-waste accepted: ICT equipment, Batteries and Lamps only",540135,1.38814105023846,103.905022045791
78,"188B RIVERVALE DRIVE, RIVERVALE VISTA RC, 01-1076","Bin collection; E-waste accepted: ICT equipment, Batteries and Lamps only",542188,1.39454067766739,103.905458978888
79,"201B COMPASSVALE DRIVE, COMPASSVALE SOUTHGATE RC, #01-545","Bin collection; E-waste accepted: ICT equipment, Batteries and Lamps only",542201,1.38831310758384,103.893923648496
80,"180C RIVERVALE CRESCENT, RIVERVALE ARC RC, #01-367","Bin collection; E-waste accepted: ICT equipment, Batteries and Lamps only",543180,1.38949149935928,103.909660431254
81,"206C COMPASSVALE LANE, COMPASSVALE VILLA RC","Bin collection; E-waste accepted: ICT equipment, Batteries and Lamps only",543206,1.38681828916719,103.8975474119
82,"59 ANCHORVALE ROAD, ANCHORVALE COMMUNITY CLUB","Bin collection; E-waste accepted: ICT equipment, Batteries and Lamps only",544965,1.39712791773438,103.886665684716
83,"602 PUNGGOL CENTRAL, PUNGGOL VISTA CC","Bin collection; E-waste accepted: ICT equipment, Batteries and Lamps only",820602,1.40328429076968,103.907288602075
84,"176C EDGEFIELD PLAINS, PUNGGOL OASIS RC, #01-569","Bin collection; E-waste accepted: ICT equipment, Batteries and Lamps only",821175,1.39740420680146,103.908973751235
85,"204A  204A PUNGGOL FIELD, PUNGGOL CLOVER RN, #01-288","Bin collection; E-waste accepted: ICT equipment, Batteries and Lamps only",821204,1.39877826808137,103.902910898023
86,"259C PUNGGOL FIELD, PUNGGOL WEST CC","Bin collection; E-waste accepted: ICT equipment, Batteries and Lamps only",823259,1.40451590068484,103.89566486383
87,"268D PUNGGOL FIELD, PUNGGOL SAPPHIRALD RN, #01-173","Bin collection; E-waste accepted: ICT equipment, Batteries and Lamps only",824268,1.40331377225975,103.898358930385
88,"991 BUANGKOK LINK, LEVEL 1","Bin collection; E-waste accepted: ICT equipment, Batteries and Lamps only",530991,1.3843342640345,103.881623077407
89,"1 JURONG WEST ST 71, SECURITY GUARD POST","Bin collection; E-waste accepted: ICT equipment, Batteries and Lamps only",642648,1.33838768620432,103.698192624513
90,"548 WOODLANDS DRIVE 44, LEVEL 1","Bin collection; E-waste accepted: ICT equipment, Batteries and Lamps only",730548,1.43084006633629,103.793416336246
91,"133 CANBERRA VIEW, LEVEL 1","Bin collection; E-waste accepted: ICT equipment, Batteries and Lamps only",750133,1.44349544002733,103.830345370073
92,"30 HENG MUI KENG TERRACE, LEVEL 1","Bin collection; E-waste accepted: ICT equipment, Batteries and Lamps only",119614,1.29125963881342,103.776679540457
93,"810 GEYLANG RD, LEVEL 1","Bin collection; E-waste accepted: ICT equipment, Batteries and Lamps only",409286,1.31495729637934,103.893400329176
94,"477A UPPER SERANGOON VIEW, LEVEL 1","Bin collection; E-waste accepted: ICT equipment, Batteries and Lamps only",531477,1.37830875828283,103.903841964129
95,"260 ANG MO KIO STREET 21, #01-06","Bin collection; E-waste accepted: ICT equipment, Batteries and Lamps only",560260,1.36891616406036,103.834499527161
96,"312B SUMANG LINK, #01-171","Bin collection; E-waste accepted: ICT equipment, Batteries and Lamps only",823312,1.41090728243885,103.901186083679
97,252 NORTH BRIDGE RD,"Bin collection; E-waste accepted: ICT equipment, Batteries and Lamps only",179103,1.29376027875418,103.852768332387
98,"930 YISHUN AVE 2, #03-90/10","Bin collection; E-waste accepted: ICT equipment, Batteries and Lamps only",769098,1.42969847969486,103.835776496688
99,"252 NORTH BRIDGE RD, #03-22/23","Bin collection; E-waste accepted: ICT equipment, Batteries and Lamps only",179103,1.29376027875418,103.852768332387
100,"TANJONG PAGAR PLAZA, #01-01",Bin collection; E-waste accepted: Batteries and Lamps only,82001,1.27559619005356,103.842393168675
101,"166 BUKIT MERAH CENTRAL, #01-3531 & 02-3531",Bin collection; E-waste accepted: Batteries and Lamps only,150166,1.28311949644729,103.817642874205
102,"BLK 57 DAWSON RD, DAWSON PLACE, #01-07",Bin collection; E-waste accepted: Batteries and Lamps only,142057,1.2927033928985,103.81095896399
103,"BLK 50 HAVELOCK RD, BLK 50 HAVELOCK RD, #01-755",Bin collection; E-waste accepted: Batteries and Lamps only,160050,1.2897781328001,103.82679375163
104,"460 ALEXANDRA RD, 460 ALEXANDRA RD, #01-09 AND #01-16",Bin collection; E-waste accepted: Batteries and Lamps only,119963,1.27367657754603,103.801126950046
105,"1 LOWER KENT RIDGE RD, NUH MEDICAL CENTRE, #02-16",Bin collection; E-waste accepted: Batteries and Lamps only,119082,1.2927743133923,103.784084015695
106,"80 PUNGGOL FIELD, PUNGGOL 21 CC","Bin collection; E-waste accepted: ICT equipment, Batteries and Lamps only",828815,1.39360624159956,103.913464113125
107,"163 TANGLIN ROAD, TANGLIN MALL, #B1-01",Bin collection; E-waste accepted: Batteries and Lamps only,247933,1.30484343221316,103.823852800985
108,"313 ORCHARD ROAD, 313 SOMERSET, #02-28",Manned collection; E-waste accepted: ICT equipment and Batteries only,238895,1.30138509490103,103.837684358423
109,"435 ORCHARD ROAD, WISMA ATRIA, #03-01",Manned collection; E-waste accepted: ICT equipment and Batteries only,238877,1.30369890150462,103.833189600965
110,"23 SERANGOON CENTRAL, NEX, #03-21",Manned collection; E-waste accepted: ICT equipment and Batteries only,556083,1.35043817177432,103.87170454945
111,"68 ORCHARD ROAD, STAHUB @ PLAZA SING, #1-36",Manned collection; E-waste accepted: ICT equipment and Batteries only,238839,1.30074770847155,103.845047580881
112,"4 TAMPINES CENTRAL 5, STARHUB @ TAMPINES, #2-27",Manned collection; E-waste accepted: ICT equipment and Batteries only,529510,1.35267231590699,103.944387987324
113,"23 SERANGOON CENTRAL, NEX, #B1-56",Manned collection; E-waste accepted: ICT equipment and Batteries only,556083,1.35043817177432,103.87170454945
114,"2 JURONG EAST STREET 21, IMM, #01-53",Manned collection; E-waste accepted: ICT equipment and Batteries only,609601,1.33489843717476,103.7467344968
115,"1 BUKIT BATOK CENTRAL LINK, WEST MALL, #01-16",Manned collection; E-waste accepted: ICT equipment and Batteries only,658713,1.35018915982967,103.749021980031
116,"1 RAFFLES PLACE, ONE RAFFLES PLACE, #02-25",Manned collection; E-waste accepted: ICT equipment and Batteries only,48616,1.28433993485695,103.850982351781
117,"290 ORCHARD ROAD, THE PARAGON, #04-31",Manned collection; E-waste accepted: ICT equipment and Batteries only,238859,1.30372321372467,103.835240310126
118,"4 TAMPINES CENTRAL 5, TAMPINES MALL, #03-01",Manned collection; E-waste accepted: ICT equipment and Batteries only,529510,1.35267231590699,103.944387987324
119,"1 WOODLANDS SQUARE, CAUSEWAY POINT, #03-01",Manned collection; E-waste accepted: ICT equipment and Batteries only,738099,1.43600784517148,103.785688739235
120,"80 MIDDLE ROAD, BUGIS JUNCTION, #01-81",Manned collection; E-waste accepted: ICT equipment and Batteries only,188966,1.29846962637,103.854867046362
121,"80 MARINE PARADE ROAD, PARKWAY PARADE, #02-24",Manned collection; E-waste accepted: ICT equipment and Batteries only,449269,1.30119130748691,103.905113592255
122,"3 FUSIONOPOLIS WAY, BASEMENT 2 CONNEXIS","Bin collection; E-waste accepted: ICT equipment, Batteries and Lamps only",138633,1.29901131909216,103.787567251574
123,"80 BENCOOLEN STREET, LEVEL 1 WING A","Bin collection; E-waste accepted: ICT equipment, Batteries and Lamps only",189655,1.29946332963088,103.851185944181
124,11 RHU CROSS,"Bin collection; E-waste accepted: ICT equipment, Batteries and Lamps only",437440,1.29499327834417,103.866775484716
125,100 YUAN CHING RD,"Bin collection; E-waste accepted: ICT equipment, Batteries and Lamps only",618662,1.33935955388184,103.727299471215
126,"674A, JURONG WEST STREET 65, #01-66","Bin collection; E-waste accepted: ICT equipment, Batteries and Lamps only",641674,1.34446132877907,103.702315285031
127,218D BOON LAY AVE #01-309,"Bin collection; E-waste accepted: ICT equipment, Batteries and Lamps only",640218,1.350218607854,103.710255719064
128,"5 PINE CLOSE, #01-141","Bin collection; E-waste accepted: ICT equipment, Batteries and Lamps only",391005,1.30704305553309,103.882688424945
129,"55 NEWTON RD, LEVEL 2","Bin collection; E-waste accepted: ICT equipment, Batteries and Lamps only",307987,1.3194895845632,103.841975318466
130,512 THOMSON ROAD MSF BUILDING LOBBY,"Bin collection; E-waste accepted: ICT equipment, Batteries and Lamps only",298136,1.3336652631755,103.839419161507
131,"51 NEW UPPER CHANGI ROAD, #01-1500","Bin collection; E-waste accepted: ICT equipment, Batteries and Lamps only",461051,1.32342985595863,103.942269412202
132,"71 BEDOK SOUTH ROAD, #01-250","Bin collection; E-waste accepted: ICT equipment, Batteries and Lamps only",460071,1.32041601686604,103.942732315687
133,"167 BEDOK SOUTH AVE 3, #01-501","Bin collection; E-waste accepted: ICT equipment, Batteries and Lamps only",460167,1.3196396832799,103.944965235932
134,"133 NEW BRIDGE ROAD, #06-01","Bin collection; E-waste accepted: ICT equipment, Batteries and Lamps only",59413,1.28499882771298,103.844697085395
135,200 LORONG 2 TOA PAYOH,"Bin collection; E-waste accepted: ICT equipment, Batteries and Lamps only",319642,1.3353827124599,103.844830875826
136,"232 TAMPINES STREET 21, #01-639","Bin collection; E-waste accepted: ICT equipment, Batteries and Lamps only",521232,1.35641019022249,103.948701743616
137,"1 WEST COAST DRIVE, #01-111","Bin collection; E-waste accepted: ICT equipment, Batteries and Lamps only",128020,1.31641320903159,103.757451264505
138,3024A UBI RD 1,"Bin collection; E-waste accepted: ICT equipment, Batteries and Lamps only",408718,1.32985965145243,103.896058169727
139,"BEDOK INDUSTRIAL PARK E, PAVILION","Bin collection; E-waste accepted: ICT equipment, Batteries and Lamps only",489978,1.33674833674262,103.949900396416
140,"166 BUKIT MERAH CENTRAL, #03-3527","Bin collection; E-waste accepted: ICT equipment, Batteries and Lamps only",150166,1.28311949644729,103.817642874205
141,"108 BUKIT PURMEI ROAD, #01-129","Bin collection; E-waste accepted: ICT equipment, Batteries and Lamps only",90108,1.27337412903551,103.825328122484
142,"168 JALAN BUKIT MARAH, SURBANA ONE, LEVEL 1","Bin collection; E-waste accepted: ICT equipment, Batteries and Lamps only",150169,1.28331721051266,103.818863113389
143,"BLK 108 DEPOT RD, DEPOT HEIGHTS SHOPPING CENTRE, #01-01",Bin collection; E-waste accepted: Batteries and Lamps only,100108,1.28112226404962,103.810031318703
144,"BLK 36 HOLLAND DR, BLK 36 HOLLAND DR, #01-03/04/05",Bin collection; E-waste accepted: Batteries and Lamps only,270036,1.30925871460611,103.792619417011
145,"BLK 28 DOVER CRESCENT, BLK 28 DOVER CRESCENT, #01-83",Bin collection; E-waste accepted: Batteries and Lamps only,130028,1.30476356255085,103.781697209464
146,"BLK 451 CLEMENTI AVE 3, BLK 451 AVE 3, #01-307",Bin collection; E-waste accepted: Batteries and Lamps only,120451,1.31248108236843,103.765476504358
147,"BLK 399 YUNG SHENG RD, TAMAN JURONG SHOPPING CENTRE, #01-35",Bin collection; E-waste accepted: Batteries and Lamps only,610399,1.335042021408,103.720268024233
148,"BLK 63/66 YUNG KUANG RD, BLK 66 YUNG KANG RD, #01-119 AND #02-119",Bin collection; E-waste accepted: Batteries and Lamps only,610063,1.33205938361655,103.722452883915
149,"BLK 221 BOON LAY PLACE, BOON LAY SHOPPING CENTRE, #02-200",Bin collection; E-waste accepted: Batteries and Lamps only,640221,1.34639604067888,103.712387719568
150,"NO. 1 JURONG WEST CENTRAL 2, JURONG POINT 1, #B1-09",Bin collection; E-waste accepted: Batteries and Lamps only,648886,1.3398301525794,103.70646088413
151,"BLK 502 WEST COAST DR, BLK 502 WEST COAST DR, #01-41",Bin collection; E-waste accepted: Batteries and Lamps only,120502,1.31188595555903,103.759080937631
152,"17 PETIR RD, HILLION MALL, #B2-67",Bin collection; E-waste accepted: Batteries and Lamps only,678278,1.37834971260866,103.76274117629
153,"21 CHOA CHU KANG AVE 4, LOT 1 SHOPPERS' MALL, #B1-03",Bin collection; E-waste accepted: Batteries and Lamps only,689812,1.38506835667563,103.744950384161
154,"1 CHOA CHU KANG GROVE, ITE COLLEGE WEST, BLOCK 1, LEVEL 3 FOOD CANOPY","Bin collection; E-waste accepted: ICT equipment, Batteries and Lamps only",688236,1.37502493396044,103.752112715995
155,"4 TAMPINES CENTRAL 5, TAMPINES MALL, #03-16/16A","Bin collection; E-waste accepted: ICT equipment, Batteries and Lamps only",529510,1.35267231590699,103.944387987324
156,"602A TAMPINES AVENUE 9, #01-01","Bin collection; E-waste accepted: ICT equipment, Batteries and Lamps only",521602,1.36113645470954,103.93742559472
157,"9 BISHAN PLACE, JUNCTION 8 SHOPPING CENTRE, #3-2","Bin collection; E-waste accepted: ICT equipment, Batteries and Lamps only",579837,1.35017242685302,103.848430082687
158,"3 HARBOUR DRIVE, PASIR PANJANG TERMINAL BUILDING 3","Bin collection; E-waste accepted: ICT equipment, Batteries and Lamps only",117404,1.27459998107058,103.790191441877
159,"8 CHANGI BUSINESS PARK AVE 1, #01-51 &, #02-51","Bin collection; E-waste accepted: ICT equipment, Batteries and Lamps only",486018,1.33491977308775,103.963653904182
160,"BLK 573 WOODLANDS DRIVE 16, #02-01",Bin collection; E-waste accepted: Batteries and Lamps only,730573,1.43109806887589,103.798507625095
161,"BLK 182 WOODLANDS ST 13, #01-01",Bin collection; E-waste accepted: Batteries and Lamps only,730182,1.4351589456523,103.776023346965
162,"BLK 25 GHIM MOH LINK, #01-11",Bin collection; E-waste accepted: Batteries and Lamps only,270025,1.30811885974155,103.786049387238
163,"BLK 122 ANG MO KIO AVE 3, #01-1753",Bin collection; E-waste accepted: Batteries and Lamps only,560122,1.37018859803198,103.843413235622
164,"BLK 233 ANG MO KIO AVE 3, #01-1168",Bin collection; E-waste accepted: Batteries and Lamps only,560233,1.36754924240467,103.83674063165
165,"BLK 352 CLEMENTI AVE 2, #01-91",Bin collection; E-waste accepted: Batteries and Lamps only,120352,1.31427859810327,103.771350564245
166,"BLK 544 JURONG WEST ST 42, #01-97",Bin collection; E-waste accepted: Batteries and Lamps only,640544,1.35239357898915,103.715759515182
167,"BLK 18 TECK WHYE LANE, #01-95",Bin collection; E-waste accepted: Batteries and Lamps only,680018,1.37829768231958,103.754071399254
168,"BLK 154A BUKIT BATOK WEST AVE 8, #01-01",Bin collection; E-waste accepted: Batteries and Lamps only,651154,1.34737179771512,103.743698108315
169,"BLK 547 SEGAR ROAD, #01-06",Bin collection; E-waste accepted: Batteries and Lamps only,670547,1.38824020983746,103.769575393265
170,"BLK 446 FAJAR RD, #01-01",Bin collection; E-waste accepted: Batteries and Lamps only,670446,1.38400582300801,103.771029605045
171,"BLK 440 BUKIT BATOK WEST AVE 8, #01-10",Bin collection; E-waste accepted: Batteries and Lamps only,650440,1.35572307969423,103.739303113535
172,"BLK 292 BUKIT BATOK EAST AVENUE 6, #01-02",Bin collection; E-waste accepted: Batteries and Lamps only,650292,1.34447135579337,103.755394621037
173,"BLK 202 MARSILING DRIVE, #01-138",Bin collection; E-waste accepted: Batteries and Lamps only,730202,1.44315120177467,103.775164786038
174,"NO.1 WOODLANDS ROADS, #01-07",Bin collection; E-waste accepted: Batteries and Lamps only,677899,1.38060512479732,103.760041590511
175,"200 UPP THOMSON RD, #B1-01",Bin collection; E-waste accepted: Batteries and Lamps only,574424,1.35184498416505,103.83605365678
176,"BLK 85 DAWSON ROAD, #01-01",Bin collection; E-waste accepted: Batteries and Lamps only,141085,1.29531965769669,103.809758599549
177,"BLK 420A CLEMENTI AVE 1, #01-01",Bin collection; E-waste accepted: Batteries and Lamps only,121420,1.30973330594899,103.768637303114
178,"5 CHANGI BUSINESS PARK CENTRAL 1, CHANGI CITY POINT, #01-56","Bin collection; E-waste accepted: ICT equipment, Batteries and Lamps only",486038,1.33432515600981,103.962389303195
179,8 ANG MO KIO INDUSTRIAL PARK 2,"Bin collection; E-waste accepted: ICT equipment, Batteries and Lamps only",569500,1.37189393393221,103.864574202325
180,"30 BUKIT BATOK STREET 31, HONG KAH NORTH CC","Bin collection; E-waste accepted: ICT equipment, Batteries and Lamps only",659440,1.35905888839505,103.749456841487
181,"17 PETIR ROAD, HILLION MALL, #B1-65","Bin collection; E-waste accepted: ICT equipment, Batteries and Lamps only",678278,1.37834971260866,103.76274117629
182,"71 SUNGEI KADUT DRIVE, GAIN CITY MEGASTORE @ SUNGEI KADUT","Bin collection; E-waste accepted: ICT equipment, Batteries and Lamps only",729577,1.41286385690526,103.74601574229
183,"83 PUNGGOL CENTRAL, WATERWAY POINT","Bin collection; E-waste accepted: ICT equipment, Batteries and Lamps only",828761,1.40653610720599,103.901988174009
184,"311 NEW UPPER CHANGI ROAD, BEDOK MALL, #B1-01/43/44","Bin collection; E-waste accepted: ICT equipment, Batteries and Lamps only",467360,1.32479360710739,103.929182078245
185,"3 SIMEI STREET 6, EASTPOINT MALL, #B1-08","Bin collection; E-waste accepted: ICT equipment, Batteries and Lamps only",528833,1.34270618643901,103.953024503826
186,"1 HOUGANG ST 91, HOUGANG 1, #2-01","Bin collection; E-waste accepted: ICT equipment, Batteries and Lamps only",538692,1.37584997338503,103.879300024096
187,"90 HOUGANG AVENUE 10, HOUGANG MALL, #02-13","Bin collection; E-waste accepted: ICT equipment, Batteries and Lamps only",538766,1.37231185642959,103.89366161203
188,"23 SERANGOON CENTRAL, NEX MALL, #03-42","Bin collection; E-waste accepted: ICT equipment, Batteries and Lamps only",556083,1.35043817177432,103.87170454945
189,"1 HILLVIEW RISE, HILLVIEW CC","Bin collection; E-waste accepted: ICT equipment, Batteries and Lamps only",667970,1.36196724402422,103.764266389757
190,"1 STADIUM PLACE LEVEL 1, WAVE MALL, #01-29","Bin collection; E-waste accepted: ICT equipment, Batteries and Lamps only",397628,1.30384326764684,103.872750711332
191,"81 CLEMENCEAU AVENUE, UE SQUARE, #02-15",Bin collection; E-waste accepted: Batteries and Lamps only,239917,1.29225958039889,103.842561025611
192,"238 THOMSON ROAD, NOVENA SQUARE, #01-28",Bin collection; E-waste accepted: Batteries and Lamps only,307683,1.32021099973819,103.843656770909
193,"68 ORCHARD ROAD, PLAZA SINGAPURA, #4-12","Bin collection; E-waste accepted: ICT equipment, Batteries and Lamps only",238839,1.30074770847155,103.845047580881
194,"30 SEMBAWANG DRIVE, SUN PLAZA, #2-06","Bin collection; E-waste accepted: ICT equipment, Batteries and Lamps only",757713,1.44822653184262,103.819462104528
195,"1 WOODLANDS SQUARE, CAUSEWAY POINT, #04-19/20","Bin collection; E-waste accepted: ICT equipment, Batteries and Lamps only",738099,1.43600784517148,103.785688739235
196,460 TOA PAYOH LORONG 6,"Bin collection; E-waste accepted: ICT equipment, Batteries and Lamps only",310460,1.3319945583363,103.849796103257
197,730 ANG MO KIO AVE 6,"Bin collection; E-waste accepted: ICT equipment, Batteries and Lamps only",560730,1.37343368369214,103.845765158161
198,"23 SERANGOON CENTRAL, NEX MALL, #02-49/50","Bin collection; E-waste accepted: ICT equipment, Batteries and Lamps only",556083,1.35043817177432,103.87170454945
199,"50 TAMPINES NORTH DRIVE 2, COURTS MEGASTORE","Bin collection; E-waste accepted: ICT equipment, Batteries and Lamps only",528766,1.37362335947781,103.933805897843
200,"53 ANG MO KIO AVE 3, ANG MO KIO HUB, #B2-40","Bin collection; E-waste accepted: ICT equipment, Batteries and Lamps only",569933,1.3692489128202,103.848399227484
201,"107 NORTH BRIDGE ROAD, FUNAN MALL, #03-19/20","Bin collection; E-waste accepted: ICT equipment, Batteries and Lamps only",179105,1.29124400033468,103.849984794935
202,"1 DEPOT CLOSE, HP ENTERPRISE","Bin collection; E-waste accepted: ICT equipment, Batteries and Lamps only",109841,1.28243134568209,103.805032356604
203,"101 THOMSON ROAD, UNITED SQUARE, #B1-56D/E","Bin collection; E-waste accepted: ICT equipment, Batteries and Lamps only",307591,1.31733462987407,103.843463185977
204,"105 CANBERRA ST, EAST BROOK @ CANBERRA, #02-05","Bin collection; E-waste accepted: ICT equipment, Batteries and Lamps only",750105,1.44885564521184,103.832409180973
205,365 COMMONWEALTH AVE,"Bin collection; E-waste accepted: ICT equipment, Batteries and Lamps only",149732,1.29915022797049,103.80130510766
206,400 LENGKOK BAHRU,"Bin collection; E-waste accepted: ICT equipment, Batteries and Lamps only",159049,1.28978711891653,103.81444834816
207,"1 JURONG WEST CENTRAL, JURONG POINT, #02-05","Bin collection; E-waste accepted: ICT equipment, Batteries and Lamps only",648886,1.3398301525794,103.70646088413
208,"90 HOUGANG AVENUE 10, HOUGANG MALL, #04-15","Bin collection; E-waste accepted: ICT equipment, Batteries and Lamps only",538766,1.37231185642959,103.89366161203
209,"1 JURONG WEST CENTRAL 2, JURONG POINT, #03-37","Bin collection; E-waste accepted: ICT equipment, Batteries and Lamps only",648886,1.3398301525794,103.70646088413
210,"33 SENGKANG WEST AVE, SELETAR MALL, #03-25","Bin collection; E-waste accepted: ICT equipment, Batteries and Lamps only",797653,1.39139305815613,103.876067657689
211,"176 ORCHARD ROAD, THE CENTREPOINT, #03-31","Bin collection; E-waste accepted: ICT equipment, Batteries and Lamps only",238843,1.30197836640112,103.839759027803
212,"23 SERANGOON CENTRAL, NEX MALL, #03-33/34","Bin collection; E-waste accepted: ICT equipment, Batteries and Lamps only",556083,1.35043817177432,103.87170454945
213,"31B EXETER ROAD, COMCENTRE","Bin collection; E-waste accepted: ICT equipment, Batteries and Lamps only",239733,1.29897549945424,103.83840640501
214,"1 JELEBU ROAD, BUKIT PANJANG PLAZA, #04-03","Bin collection; E-waste accepted: ICT equipment, Batteries and Lamps only",677743,1.38051732815914,103.763961852618
215,"450 TELOK BLANGAH STREET 31, TELOK BLANGAH CC","Bin collection; E-waste accepted: ICT equipment, Batteries and Lamps only",108943,1.27486265663736,103.807875435609
216,"27 SCIENCE DRIVE 1, KENT RIDGE CAMPUS, OUTSIDE LT27 AND LT29 STUDENT SPACE, LEVEL 1","Bin collection; E-waste accepted: ICT equipment, Batteries and Lamps only",117541,1.29546718054057,103.779773956451
217,"12 KENT RIDGE CRES, KENT RIDGE CAMPUS, CENTRAL LIBRARY FORUM SPACE, LEVEL 1","Bin collection; E-waste accepted: ICT equipment, Batteries and Lamps only",119275,1.29672886339029,103.773151759339
218,"2 COLLEGE AVE WEST, UTOWN - STEPHEN RIADY CENTRE, LEVEL 1 IN FRONT OF WAACOW RESTAURANT","Bin collection; E-waste accepted: ICT equipment, Batteries and Lamps only",138607,1.30477687700985,103.772396246249
219,300 WHAMPOA DRIVE,"Bin collection; E-waste accepted: ICT equipment, Batteries and Lamps only",327737,1.32463959408329,103.856979169641
220,6 POTONG PASIR AVENUE 2,"Bin collection; E-waste accepted: ICT equipment, Batteries and Lamps only",358361,1.33253591154285,103.86703683934
221,"11 BEDOK NORTH STREET 1, MAIN ATRIUM","Bin collection; E-waste accepted: ICT equipment, Batteries and Lamps only",469662,1.32698498848449,103.931620621577
222,1 TAMPINES WALK,"Bin collection; E-waste accepted: ICT equipment, Batteries and Lamps only",528523,1.35349615471813,103.939683594446
223,25 INTERNATIONAL BUSINESS PARK,"Bin collection; E-waste accepted: ICT equipment, Batteries and Lamps only",609916,1.32519950719568,103.746377198218
224,12 MARINA BOULEVARD,"Bin collection; E-waste accepted: ICT equipment, Batteries and Lamps only",18982,1.27910566824918,103.854297426525
225,"8A MARINA BOULEVARD, #B2-10","Bin collection; E-waste accepted: ICT equipment, Batteries and Lamps only",18984,1.28023825346251,103.853369669154
226,18 CROSS STREET,"Bin collection; E-waste accepted: ICT equipment, Batteries and Lamps only",48423,1.28351521183249,103.846878912631
227,"1 RAFFLES QUAY, #B2","Bin collection; E-waste accepted: ICT equipment, Batteries and Lamps only",48583,1.28089477091411,103.851677108516
228,"50 JURONG GATEWAY ROAD, JEM, #04-01","Bin collection; E-waste accepted: ICT equipment, Batteries and Lamps only",608549,1.33320021038331,103.743170436292
229,"BLK 785E WOODLANDS RISE, #01-01",Bin collection; E-waste accepted: Batteries and Lamps only,735785,1.44679887813048,103.805489778956
230,"876 WOODLANDS STREET 83, WOODLANDS ZONE 3 RN","Bin collection; E-waste accepted: ICT equipment, Batteries and Lamps only",730876,1.44479629224386,103.790602762447
231,"1 WOODLANDS STREET 81, WOODLANDS CC","Bin collection; E-waste accepted: ICT equipment, Batteries and Lamps only",738526,1.43973033862036,103.788235404817
232,"1 WOODLANDS STREET 31, FUCHUN CC","Bin collection; E-waste accepted: ICT equipment, Batteries and Lamps only",738581,1.42952981919595,103.774811855067
233,"31 WOODLANDS AVENUE 6, WOODLANDS GALAXY CC","Bin collection; E-waste accepted: ICT equipment, Batteries and Lamps only",738991,1.43904160690114,103.802610984283
234,"120 WOODLANDS AVENUE 1, ACE THE PLACE CC","Bin collection; E-waste accepted: ICT equipment, Batteries and Lamps only",739069,1.42749277602918,103.792240772323
235,"1 NORTHPOINT DRIVE NEE SOON CENTRAL COMMUNITY CLUB, NEE SOON CENTRAL CC","Bin collection; E-waste accepted: ICT equipment, Batteries and Lamps only",768019,1.42803584532257,103.836092102185
236,"30 YISHUN STREET 81, NEE SOON SOUTH CC","Bin collection; E-waste accepted: ICT equipment, Batteries and Lamps only",768455,1.4151749664221,103.834693130803
237,"1 YISHUN AVENUE 9, NEE SOON EAST CC","Bin collection; E-waste accepted: ICT equipment, Batteries and Lamps only",768893,1.43102087212489,103.838488083545
238,"278 MARINE PARADE ROAD, MARINE PARADE CC","Bin collection; E-waste accepted: ICT equipment, Batteries and Lamps only",449282,1.30482859822658,103.9095452826
239,"10 SIMEI AVE, ITE COLLEGE EAST, #B1-14","Bin collection; E-waste accepted: ICT equipment, Batteries and Lamps only",486047,1.33455404275229,103.954985037641
240,"21 TAMPINES AVENUE 1, TEMASEK POLYTECHHIC","Bin collection; E-waste accepted: ICT equipment, Batteries and Lamps only",529757,1.34793947802841,103.928839989349
241,"3 TEMASEK BOULEVARD, SUNTEC CITY MALL, #01-634","Bin collection; E-waste accepted: ICT equipment, Batteries and Lamps only",38983,1.29487904117328,103.857675497949
242,"750B CHAI CHEE ROAD #01-01 TO 06, TO 12, #02-02 TO 06 BUSINESS PARK, #01-09","Bin collection; E-waste accepted: ICT equipment, Batteries and Lamps only",469002,1.32315929186444,103.920979982361
243,"10 ANSON ROAD, INTERNATIONAL PLAZA, #36-05","Bin collection; E-waste accepted: ICT equipment, Batteries and Lamps only",79903,1.27573568080889,103.845703220386
244,"10 DOVER DRIVE, SIT @ DOVER","Bin collection; E-waste accepted: ICT equipment, Batteries and Lamps only",138683,1.3010087280189,103.780125253594
245,"1 ROCHOR CANAL RD, SIM LIM SQUARE","Bin collection; E-waste accepted: ICT equipment, Batteries and Lamps only",188504,1.30302298258031,103.852875624824
246,"2 HANDY RD, THE CATHAY","Bin collection; E-waste accepted: ICT equipment, Batteries and Lamps only",229233,1.29918373003642,103.847789789234
247,2 ANG MO KIO DRIVE,"Bin collection; E-waste accepted: ICT equipment, Batteries and Lamps only",567720,1.37789203173292,103.856411986641
248,"293 HOLLAND ROAD, JELITA SHOPPING CENTRE, #01-01",Bin collection; E-waste accepted: Batteries and Lamps only,278628,1.31756196654772,103.785840623813
249,"101 THOMSON ROAD, UNITED SQUARE, #B1-29",Bin collection; E-waste accepted: Batteries and Lamps only,307591,1.31733462987407,103.843463185977
250,"230 VICTORIA STREET, BUGIS JUNCTION, #B1-17",Bin collection; E-waste accepted: Batteries and Lamps only,188021,1.299112870967,103.855411182582
251,"1 FIFTH AVENUE, GUTHRIE HOUSE, #01-05",Bin collection; E-waste accepted: Batteries and Lamps only,268802,1.33081740087425,103.795692355521
252,"1 STAMFORD ROAD, RAFFLES CITY SHOPPING CENTRE, #B1-01",Bin collection; E-waste accepted: Batteries and Lamps only,179103,1.29376027875418,103.852768332387
253,"501 BUKIT TIMAH ROAD, CLUNY COURT, #01-02",Bin collection; E-waste accepted: Batteries and Lamps only,259760,1.32257316960795,103.814245550689
254,"154 WEST COAST ROAD, WEST COAST PLAZA, #B1-19",Bin collection; E-waste accepted: Batteries and Lamps only,127371,1.30358268148237,103.765284520206
255,"1 KIM SENG PROMENADE, GREAT WORLD CITY, #B1-18",Bin collection; E-waste accepted: Batteries and Lamps only,237994,1.29380234644511,103.83175791999
256,"1 VISTA EXCHANGE GREEN, THE STAR VISTA, #B1-02",Bin collection; E-waste accepted: Batteries and Lamps only,138617,1.3068488176344,103.788214531337
257,"4 HILLVIEW RISE, HILLVIEW MARKET PLACE, #02-07",Bin collection; E-waste accepted: Batteries and Lamps only,667979,1.36267450617912,103.764172923137
258,"12  KALLANG AVE, APERIA, #01-47",Bin collection; E-waste accepted: Batteries and Lamps only,339511,1.30974241289377,103.864101648717
259,"1 SENGKANG SQUARE, COMPASS ONE, #B1-25",Bin collection; E-waste accepted: Batteries and Lamps only,545078,1.39209415018227,103.894980032554
260,"1 FUSIONOPOLIS WAY, ONE NORTH, #B2-03",Bin collection; E-waste accepted: Batteries and Lamps only,138632,1.29929405573076,103.787404060926
261,"930 YISHUN AVENUE 2, NORTHPOINT CITY, SOUTH WING, #B1-136/138","Bin collection; E-waste accepted: ICT equipment, Batteries and Lamps only",769098,1.42969847969486,103.835776496688
262,"1 HARBOURFRONT WALK, VIVOCITY, #2-07","Bin collection; E-waste accepted: ICT equipment, Batteries and Lamps only",98585,1.2638958023183,103.821589254908
263,"1 HARBOURFRONT WALK, VIVOCITY, #B2-23","Bin collection; E-waste accepted: ICT equipment, Batteries and Lamps only",98585,1.2638958023183,103.821589254908
264,"3155 COMMONWEALTH AVENUE WEST, THE CLEMENTI MALL, #04-46/47/48/49","Bin collection; E-waste accepted: ICT equipment, Batteries and Lamps only",129588,1.31485321802259,103.764248205662
265,"9 WOODLANDS AVENUE 9, REPUBLIC POLYTECHNIC","Bin collection; E-waste accepted: ICT equipment, Batteries and Lamps only",738964,1.44627224974557,103.783228728956
266,"598 YISHUN RING RD, WISTERIA MALL","Bin collection; E-waste accepted: ICT equipment, Batteries and Lamps only",768698,1.41799925556566,103.841236459776
267,"681 PUNGGOL DRIVE, OASIS TERRACES","Bin collection; E-waste accepted: ICT equipment, Batteries and Lamps only",820681,1.40287845319493,103.913195748836
268,"107 NORTH BRIDGE ROAD, FUNAN, #03-01","Manned collection; E-waste accepted: ICT equipment, Batteries and Lamps only",179105,1.29124400033468,103.849984794935
269,"228 ORCHARD ROAD, COURTS ORCHARD","Manned collection; E-waste accepted: ICT equipment, Batteries and Lamps only",238853,1.30185487652123,103.83848662393
270,"205 UPPER BUKIT TIMAH ROAD, SIM LIAN BUILDING","Manned collection; E-waste accepted: ICT equipment, Batteries and Lamps only",588181,1.34449154991689,103.774321072771
271,"451 CLEMENTI AVE 3, COURTS CLEMENTI, #01-309","Manned collection; E-waste accepted: ICT equipment, Batteries and Lamps only",120451,1.31248108236843,103.765476504358
272,"21 CHOA CHU KANG AVE 4, LOT ONE, #03-01","Manned collection; E-waste accepted: ICT equipment, Batteries and Lamps only",689812,1.38506835667563,103.744950384161
273,"2 BAYFRONT AVENUE, MBS, B2-06",Manned collection; E-waste accepted: ICT equipment and Batteries only,18972,1.28332249304312,103.857629113441
274,"270 ORCHARD ROAD, APPLE ORCHARD",Manned collection; E-waste accepted: ICT equipment and Batteries only,238857,1.30310525131104,103.836202012782
275,"78 AIRPORT BOULEVARD, JEWEL, #02-234",Manned collection; E-waste accepted: ICT equipment and Batteries only,819666,1.36034099671656,103.989077555194
276,146 TECK WHYE LANE,"Bin collection; E-waste accepted: ICT equipment, Batteries and Lamps only",680146,1.3811166761303,103.752527098063
277,"24 RAFFLES PLACE, CLIFFORD CENTRE","Bin collection; E-waste accepted: ICT equipment, Batteries and Lamps only",48621,1.28385698132703,103.852128172968
278,"611 WOODLANDS RING ROAD, WOODLANDS ZONE 7 RN","Bin collection; E-waste accepted: ICT equipment, Batteries and Lamps only",730611,1.43542608539826,103.796998851606
279,"638 WOODLANDS RING ROAD, WOODLANDS ZONE 8 RN","Bin collection; E-waste accepted: ICT equipment, Batteries and Lamps only",730638,1.43671737846592,103.803192516442
280,"656 WOODLANDS RING ROAD, WOODLANDS ZONE 9 RN","Bin collection; E-waste accepted: ICT equipment, Batteries and Lamps only",730656,1.43698595559977,103.799117869578
281,"846 WOODLANDS AVENUE 4, WOODLANDS ZONE 2 RN","Bin collection; E-waste accepted: ICT equipment, Batteries and Lamps only",730846,1.44330259673776,103.793474578196
282,"862 WOODLANDS STREET 83, WOODLANDS ZONE 4 RN, #01-184","Bin collection; E-waste accepted: ICT equipment, Batteries and Lamps only",730862,1.43995507442934,103.795048911761
283,"302 TIONG BAHRU ROAD, TIONG BAHRU PLAZA, #3-19","Bin collection; E-waste accepted: ICT equipment, Batteries and Lamps only",168732,1.28646345318688,103.826935084287
284,"68 ORCHARD ROAD, PLAZA SINGAPURA, #3-39","Bin collection; E-waste accepted: ICT equipment, Batteries and Lamps only",238839,1.30074770847155,103.845047580881
285,"68 ORCHARD ROAD, PLAZA SINGAPURA, #1-36","Bin collection; E-waste accepted: ICT equipment, Batteries and Lamps only",238839,1.30074770847155,103.845047580881
286,135 JURONG GATEWAY ROAD,"Bin collection; E-waste accepted: ICT equipment, Batteries and Lamps only",600135,1.33375343199036,103.739371389964
287,"2 JURONG EAST STREET 21, IMM, #3-33","Bin collection; E-waste accepted: ICT equipment, Batteries and Lamps only",609601,1.33489843717476,103.7467344968
288,"63 JURONG WEST CENTRAL 3, JURONG POINT, #B1-92","Bin collection; E-waste accepted: ICT equipment, Batteries and Lamps only",648331,1.33931503396417,103.705351000578
289,"63 JURONG WEST CENTRAL 3, JURONG POINT, #03-01","Bin collection; E-waste accepted: ICT equipment, Batteries and Lamps only",648331,1.33931503396417,103.705351000578
290,"1 JURONG WEST CENTRAL 2, JURONG POINT, #B1-94","Bin collection; E-waste accepted: ICT equipment, Batteries and Lamps only",648886,1.3398301525794,103.70646088413
291,"6 RAFFLES BOULEVARD, MARINA SQUARE, #03 - 223 / 232","Bin collection; E-waste accepted: ICT equipment, Batteries and Lamps only",39594,1.29145525906521,103.857007341008
292,"109 NORTH BRIDGE ROAD, FUNAN, #3-16","Bin collection; E-waste accepted: ICT equipment, Batteries and Lamps only",179097,1.29114627294634,103.849834212162
293,"200 VICTORIA STREET, BUGIS JUNCTION, #3-10E","Bin collection; E-waste accepted: ICT equipment, Batteries and Lamps only",188021,1.299112870967,103.855411182582
294,"1 KIM SENG PROMENADE, GREAT WORLD CITY, #07-01","Bin collection; E-waste accepted: ICT equipment, Batteries and Lamps only",237994,1.29380234644511,103.83175791999
295,"80 MARINE PARADE ROAD, PARKWAY PARADE, #02-34","Bin collection; E-waste accepted: ICT equipment, Batteries and Lamps only",449269,1.30119130748691,103.905113592255
296,"10 PAYA LEBAR ROAD, PAYA LEBAR QUARTER(PLQ), #4-01","Bin collection; E-waste accepted: ICT equipment, Batteries and Lamps only",409057,1.31752384126856,103.892724434212
297,"80 MARINE PARADE RD, PARKWAY PARADE, #3-28","Bin collection; E-waste accepted: ICT equipment, Batteries and Lamps only",449269,1.30119130748691,103.905113592255
298,510 TAMPINES CENTRAL 1,"Bin collection; E-waste accepted: ICT equipment, Batteries and Lamps only",520510,1.35480107846676,103.944458093925
299,"4 TAMPINES CENTRAL 5, TAMPINES CENTRAL, #2-27","Bin collection; E-waste accepted: ICT equipment, Batteries and Lamps only",529510,1.35267231590699,103.944387987324
300,"10 TAMPINES CENTRAL 1, TAMPINES 1, #4-25","Bin collection; E-waste accepted: ICT equipment, Batteries and Lamps only",529536,1.35431555986081,103.945019461564
301,"10 TAMPINES CENTRAL 1, TAMPINES 1, #B1-09","Bin collection; E-waste accepted: ICT equipment, Batteries and Lamps only",529536,1.35431555986081,103.945019461564
302,475 CHOA CHU KANG AVENUE 3,"Bin collection; E-waste accepted: ICT equipment, Batteries and Lamps only",680475,1.3780561421762,103.738931802142
303,"2 CHOA CHU KANG LOOP, KEAT HONG CC","Bin collection; E-waste accepted: ICT equipment, Batteries and Lamps only",689687,1.38406515926541,103.744923812722
304,180 KITCHENER ROAD,"Bin collection; E-waste accepted: ICT equipment, Batteries and Lamps only",208539,1.31130516479714,103.856421771906
305,1 SENGKANG SQUARE,"Bin collection; E-waste accepted: ICT equipment, Batteries and Lamps only",545078,1.39209415018227,103.894980032554
306,"900 SOUTH WOODLANDS DRIVE, WOODLANDS CIVIC CENTRE, #B1-01",Bin collection; E-waste accepted: Batteries and Lamps only,730900,1.43507788583776,103.786619621971
307,"BLK 888 WOODLANDS DR 50, #01-757",Bin collection; E-waste accepted: Batteries and Lamps only,730888,1.43767919710846,103.795136736247
308,"BLK 676 WOODLANDS DR 71, KAMPUND ADMIRALTY, #B1-02",Bin collection; E-waste accepted: Batteries and Lamps only,730676,1.43977701137209,103.800573465174
309,"71 WOODLANDS AVE 3, MARSLING MRT, #01-01",Bin collection; E-waste accepted: Batteries and Lamps only,739044,1.43262603029887,103.774051203192
310,"BLK 712 ANG MO KIO AVE 6, BLK 712 ANG MO KIO, #01-4056",Bin collection; E-waste accepted: Batteries and Lamps only,560712,1.37140920643065,103.847082884002
311,"BLK 510 BISHAN ST 13, #01-520",Bin collection; E-waste accepted: Batteries and Lamps only,570510,1.34888843913816,103.849691988212
312,"880 TAMPINES AVENUE 8, TAMPINES SPRING RN","Bin collection; E-waste accepted: ICT equipment, Batteries and Lamps only",520880,1.35132607390816,103.931478811435
313,"124 TAMPINES STREET 11, TAMPINES CHANGKAT ZONE 5 RC","Bin collection; E-waste accepted: ICT equipment, Batteries and Lamps only",521124,1.34518427892421,103.949793334969
314,"ANG MO KIO AVENUE 8, NANYANG POLYTECHNIC, BLOCK E (NORTH CANTEEN)","Bin collection; E-waste accepted: ICT equipment, Batteries and Lamps only",569830,1.38034090667762,103.848083335838
315,"301 UPPER THOMSON ROAD, THOMSON PLAZA","Bin collection; E-waste accepted: ICT equipment, Batteries and Lamps only",574408,1.3546690188205,103.83091978573
316,"535 CLEMENTI ROAD, NGEE ANN POLYCLINIC, BLK 22","Bin collection; E-waste accepted: ICT equipment, Batteries and Lamps only",599489,1.3327625965271,103.771562462036
317,"1 CLUNY ROAD, NATIONAL PARKS BOARD HQ, SINGAPORE BOTANIC GARDENS","Bin collection; E-waste accepted: ICT equipment, Batteries and Lamps only",259569,1.31347941588508,103.813180045951
318,"7 JURONG WEST AVE 5, #01-01",Bin collection; E-waste accepted: Batteries and Lamps only,649486,1.34878489184957,103.703415660179
319,"200 WOODLANDS INDUSTRIAL PARK E7, #01-30",Bin collection; E-waste accepted: Batteries and Lamps only,757177,1.45074972447127,103.796846522878
320,"BLK 88 TANGLIN HALT ROAD, #01-10",Bin collection; E-waste accepted: Batteries and Lamps only,141088,1.30203801734289,103.798021748872
321,"19 SERANGOON NORTH AVE 5, #01-01",Bin collection; E-waste accepted: Batteries and Lamps only,554913,1.37563499622553,103.871996421774
322,"3 YUAN CHING RD, #01-01A/02",Bin collection; E-waste accepted: Batteries and Lamps only,618642,1.32546807053288,103.725221540647
323,"BLK 301 WOODLANDS ST 31, #01-217",Bin collection; E-waste accepted: Batteries and Lamps only,730301,1.43150526507051,103.773515660456
324,"BLK 61 TEBAN GARDENS RD, #01-21",Bin collection; E-waste accepted: Batteries and Lamps only,600061,1.32213635836523,103.738292805557
325,"BLK 52 CHIN SWEE RD, #01-25",Bin collection; E-waste accepted: Batteries and Lamps only,160052,1.28708277772418,103.841580116173
326,40 SCOTTS ROAD,"Bin collection; E-waste accepted: ICT equipment, Batteries and Lamps only",228231,1.31056745258169,103.83610405607
327,180 BEDOK RESERVOIR ROAD,"Bin collection; E-waste accepted: ICT equipment, Batteries and Lamps only",479220,1.33255277788544,103.91514355252
328,2 TAMPINES STREET 41,"Bin collection; E-waste accepted: ICT equipment, Batteries and Lamps only",529204,1.35736478775974,103.946602685067
329,13 TAMPINES STREET 11,"Bin collection; E-waste accepted: ICT equipment, Batteries and Lamps only",529453,1.3458133461735,103.947687834643
330,207 HOUGANG STREET 21,"Bin collection; E-waste accepted: ICT equipment, Batteries and Lamps only",530207,1.35779860505296,103.886092082636
331,"391A ORCHARD ROAD, NGEE ANN CITY TOWER A","Bin collection; E-waste accepted: ICT equipment, Batteries and Lamps only",238873,1.30242416552881,103.834676129269
332,"BLK 628 SENJA RD, SENJA GRAND, #01-01",Bin collection; E-waste accepted: Batteries and Lamps only,670628,1.38509602280679,103.760218442452
333,"BLK 140 TECK WHYE LANE, #01-351",Bin collection; E-waste accepted: Batteries and Lamps only,680140,1.38003057945933,103.753118413925
334,"10 BUKIT BATOK CENTRAL, #01-08",Bin collection; E-waste accepted: Batteries and Lamps only,659958,1.34871080233675,103.749334517405
335,"BLK 345 JURONG EAST ST 31, #01-29",Bin collection; E-waste accepted: Batteries and Lamps only,600345,1.34551209415107,103.731219147651
336,"9 BISHAN PLACE, JUNCTION 8 SHOPPING CENTRE, #B1-01",Bin collection; E-waste accepted: Batteries and Lamps only,579837,1.35017242685302,103.848430082687
337,"NO. 1 JELEBU RD, BUKIT PANJANG PLAZA, #01-15 & #02-20",Bin collection; E-waste accepted: Batteries and Lamps only,677743,1.38051732815914,103.763961852618
338,"61 CHOA CHU KANG DR, YEW TEE MRT STATION, #01-01",Bin collection; E-waste accepted: Batteries and Lamps only,689715,1.39712886014404,103.747329719197
339,"3155 COMMONWEALTH AVENUE WEST, THE CLEMENTI MALL, #B1-12",Bin collection; E-waste accepted: Batteries and Lamps only,129588,1.31485321802259,103.764248205662
340,"1 MAJU AVE, SERANGOON GARDEN VILLAGE, #B1-11",Bin collection; E-waste accepted: Batteries and Lamps only,556679,1.36516070778275,103.865041855148
341,"NO. 1 JLN ANAK BUKIT, BUKIT TIMAH PLAZA, #B1-01 & #B2-01",Bin collection; E-waste accepted: Batteries and Lamps only,588996,1.33865676913061,103.778560470199
342,"301 UPPER THOMSON RD, THOMSON PLAZA, #03-37/38",Bin collection; E-waste accepted: Batteries and Lamps only,574408,1.3546690188205,103.83091978573
343,"5 STADIUM WALK, KALLANG LIESURE PARK, #B1-01",Bin collection; E-waste accepted: Batteries and Lamps only,397693,1.30222177114752,103.876152670397
344,"720  CLEMENTI WEST ST 2, #01-144","Bin collection; E-waste accepted: ICT equipment, Batteries and Lamps only",120720,1.30246408379367,103.763750976116
345,"451 BUKIT BATOK WEST AVENUE 6, #01-10","Bin collection; E-waste accepted: ICT equipment, Batteries and Lamps only",650451,1.35303717544773,103.74394257144
346,"118 ALJUNIED AVE 2, #01-100","Bin collection; E-waste accepted: ICT equipment, Batteries and Lamps only",380118,1.32000040191606,103.887363067673
347,"209 NEW UPPER CHANGI RD, #01-631","Bin collection; E-waste accepted: ICT equipment, Batteries and Lamps only",460209,1.32463572606471,103.931068835678
348,10 SERANGOON NORTH AVENUE 2,"Bin collection; E-waste accepted: ICT equipment, Batteries and Lamps only",555877,1.37005486240283,103.873927617452
349,50 ANG MO KIO STREET 61,"Bin collection; E-waste accepted: ICT equipment, Batteries and Lamps only",569163,1.38151727157775,103.841428124035
350,ANG MO KIO AVENUE 10,"Bin collection; E-waste accepted: ICT equipment, Batteries and Lamps only",569734,1.36308867917974,103.853536076665
351,ANG MO KIO AVENUE 4,"Bin collection; E-waste accepted: ICT equipment, Batteries and Lamps only",569897,1.37300749906274,103.83761242449
352,ANG MO KIO AVENUE 1,"Bin collection; E-waste accepted: ICT equipment, Batteries and Lamps only",569976,1.36683348076669,103.840668130336
353,"200 TURF CLUB ROAD DBS THE GRANDSTAND, THE GRANDSTAND (TURF CITY)","Bin collection; E-waste accepted: ICT equipment, Batteries and Lamps only",287994,1.33899462699318,103.793133806944
354,"AH HOOD ROAD, ZHONGSHAN MALL","Bin collection; E-waste accepted: ICT equipment, Batteries and Lamps only",329984,1.32702990626384,103.846490874615
355,"565 PASIR RIS ST 51, REPAIR KOPITIAM","Bin collection; E-waste accepted: ICT equipment, Batteries and Lamps only",510565,1.36882713078143,103.950296247759
356,"285 TAMPINES STREET 22, TAMPINES CHANGKAT ZONE 4 RC","Bin collection; E-waste accepted: ICT equipment, Batteries and Lamps only",520285,1.35001073882934,103.952816065919
357,"364 TAMPINES STREET 34, TAMPINES CHANGKAT ZONE 8 RC","Bin collection; E-waste accepted: ICT equipment, Batteries and Lamps only",520364,1.35693800555856,103.959873499831
358,"430 TAMPINES STREET 41, TAMPINES NORTH ZONE 3 RC","Bin collection; E-waste accepted: ICT equipment, Batteries and Lamps only",520430,1.35955258017468,103.950148200773
359,"730 TAMPINES STREET 71, TAMPINES COURTVIEW RC","Bin collection; E-waste accepted: ICT equipment, Batteries and Lamps only",520730,1.35670605826191,103.933499184206
360,"736 TAMPINES STREET 72, TAMPINES GREENVALE RC","Bin collection; E-waste accepted: ICT equipment, Batteries and Lamps only",520736,1.35904159378304,103.934383364035
361,"842 TAMPINES STREET 82, TAMPINES VILLE RN","Bin collection; E-waste accepted: ICT equipment, Batteries and Lamps only",520842,1.35173850438617,103.935952394886
362,"ANG MO KIO DRIVE, #A1-12","Bin collection; E-waste accepted: ICT equipment, Batteries and Lamps only",567720,1.37789203173292,103.856411986641
363,"108 DEPOT ROAD, DEPOT HEIGHTS SHOPPING CENTRE","Bin collection; E-waste accepted: ICT equipment, Batteries and Lamps only",100108,1.28112226404962,103.810031318703
364,"7 WALLICH STREET, GUOCO TOWER","Bin collection; E-waste accepted: ICT equipment, Batteries and Lamps only",78884,1.27672492300406,103.845155402476
365,"1 BUKIT BATOKÂ CENTRAL LINK, #3-01",Bin collection; E-waste accepted: Ink and toner cartridges,658713,1.35018915982967,103.749021980031
366,"1 JELEBU ROAD, #4-04 & 16/17",Bin collection; E-waste accepted: Ink and toner cartridges,677743,1.38051732815914,103.763961852618
367,4300 ANG MO KIOÂ AVENUE 6,Bin collection; E-waste accepted: Ink and toner cartridges,569842,1.37479009534678,103.845580700883
368,"11 BEDOK NORTH STREET 1, #2-03 & #3-04",Bin collection; E-waste accepted: Ink and toner cartridges,469662,1.32698498848449,103.931620621577
369,"5 BISHANÂ PLACE, #1-01",Bin collection; E-waste accepted: Ink and toner cartridges,579841,1.34985304885287,103.848843026999
370,"90 HOUGANG AVENUE, #3-11",Bin collection; E-waste accepted: Ink and toner cartridges,538766,1.37231185642959,103.89366161203
371,"21 CHOA CHU KANG AVE 4, #4-01/02",Bin collection; E-waste accepted: Ink and toner cartridges,689812,1.38506835667563,103.744950384161
372,"3155 COMMONWEALTH AVENUE WEST, #5-13/14/15",Bin collection; E-waste accepted: Ink and toner cartridges,129588,1.31485321802259,103.764248205662
373,50 GEYLANG EASTÂ AVE 1,Bin collection; E-waste accepted: Ink and toner cartridges,389777,1.3174429839463,103.885837275913
374,21 JURONG EAST CENTRAL 1,Bin collection; E-waste accepted: Ink and toner cartridges,609732,1.33288484168537,103.739490178697
375,"60 JURONG WEST CENTRAL 3, #1-03",Bin collection; E-waste accepted: Ink and toner cartridges,648346,1.34046956412475,103.704452685304
376,"278 MARINE PARADEÂ ROAD, #1-02",Bin collection; E-waste accepted: Ink and toner cartridges,449282,1.30482859822658,103.9095452826
377,100 VICTORIA STREET,Bin collection; E-waste accepted: Ink and toner cartridges,188064,1.297489753102,103.853942302347
378,"1 TAMPINES WALK, #2-01",Bin collection; E-waste accepted: Ink and toner cartridges,528523,1.35349615471813,103.939683594446
379,6 TOA PAYOH CENTRAL,Bin collection; E-waste accepted: Ink and toner cartridges,319191,1.33352076184374,103.85049180316
380,53 MARGARET DRIVE,Bin collection; E-waste accepted: Ink and toner cartridges,149297,1.29864021099395,103.805430802302
381,"900 SOUTHÂ WOODLANDSÂ DRIVE, #1-03",Bin collection; E-waste accepted: Ink and toner cartridges,730900,1.43507788583776,103.786619621971
382,"930 YISHUN AVE 2, #4-01",Bin collection; E-waste accepted: Ink and toner cartridges,769098,1.42969847969486,103.835776496688
383,"1 SENGKANG SQUARE & COMPASS ONE, #3-28 / #4-19",Bin collection; E-waste accepted: Ink and toner cartridges,545078,1.39209415018227,103.894980032554
384,"23 SERANGOONÂ CENTRAL, #4-82/83",Bin collection; E-waste accepted: Ink and toner cartridges,556083,1.35043817177432,103.87170454945
385,"30 SEMBAWANG DRIVE, #5-01",Bin collection; E-waste accepted: Ink and toner cartridges,757713,1.44822653184262,103.819462104528
386,"8 RAFFLES AVENUE, #3-01",Bin collection; E-waste accepted: Ink and toner cartridges,39802,1.2895095530213,103.855665762299
